<?xml version="1.0" encoding="UTF-8" standalone="no"?>
<endpoints xmlns="http://xml.netbeans.org/schema/endPoints" xmlns:xsi="http://www.w3.org/2001/XMLSchema-instance" xsi:schemaLocation="http://xml.netbeans.org/schema/endPoints endPoints.xsd">
    <project>
        <name>CA_Prueba1</name>
        <version>1.0</version>
        <description>description</description>
    </project>
    <team>
        <name>unknown team</name>
        <contact>no contact provided</contact>
    </team>
    <endpoint>
        <type>provider</type>
        <endpoint-name>IntegradorWSDLPortTypeRole_myRole</endpoint-name>
        <service-name>
            <namespace>http://enterprise.netbeans.org/bpel/Integrador_BPEL/integrador_BPEL</namespace>
            <localname>gestionaPedido</localname>
        </service-name>
        <interface-name>
            <namespace>http://j2ee.netbeans.org/wsdl/Integrador_BPEL/src/IntegradorWSDL</namespace>
            <localname>IntegradorWSDLPortType</localname>
        </interface-name>
        <description>description of the service provided or consumed through this endPoint</description>
    </endpoint>
    <endpoint>
        <type>consumer</type>
        <endpoint-name>WSMusicaPedidosRole_partnerRole</endpoint-name>
        <service-name>
            <namespace>http://enterprise.netbeans.org/bpel/Integrador_BPEL/integrador_BPEL</namespace>
            <localname>WS_Pedidos</localname>
        </service-name>
        <interface-name>
            <namespace>http://wsmusicapedidos/</namespace>
            <localname>WSMusicaPedidos</localname>
        </interface-name>
        <description>description of the service provided or consumed through this endPoint</description>
    </endpoint>
    <endpoint>
        <type>consumer</type>
        <endpoint-name>WSMusicaCreditoRole_partnerRole</endpoint-name>
        <service-name>
            <namespace>http://enterprise.netbeans.org/bpel/Integrador_BPEL/integrador_BPEL</namespace>
            <localname>WS_Credito</localname>
        </service-name>
        <interface-name>
            <namespace>http://wsmusicacredito/</namespace>
            <localname>WSMusicaCredito</localname>
        </interface-name>
        <description>description of the service provided or consumed through this endPoint</description>
    </endpoint>
</endpoints>
